{"cameraMode":{"drawMode":0,"name":"Shaded","section":"Shading Mode"},"sceneLighting":false,"audioPlay":false,"sceneViewState":{"showFog":true,"showMaterialUpdate":false,"showSkybox":false,"showFlares":true,"showImageEffects":true,"showParticleSystems":true},"in2DMode":false,"pivot":{"x":-7.838054656982422,"y":5.705972194671631,"z":4.71143913269043},"rotation":{"x":-0.24584047496318818,"y":0.6770099401473999,"z":-0.2585523724555969,"w":-0.6437216401100159},"size":26.580780029296876,"orthographic":false}