{"cameraMode":{"drawMode":0,"name":"Shaded","section":"Shading Mode"},"sceneLighting":false,"audioPlay":false,"sceneViewState":{"showFog":true,"showMaterialUpdate":false,"showSkybox":false,"showFlares":true,"showImageEffects":true,"showParticleSystems":true},"in2DMode":false,"pivot":{"x":0.02247871272265911,"y":2.5162124633789064,"z":-0.9399001598358154},"rotation":{"x":-0.29831546545028689,"y":0.32260027527809145,"z":-0.10791235417127609,"w":-0.8917957544326782},"size":5.342917442321777,"orthographic":false}